<?xml version="1.0" encoding="utf-8"?>
<browserconfig>
    <msapplication>
        <tile>
            <square70x70logo src="https://toybreaker.github.io/liquideye/mstile-70x70.png?v=3"/>
            <square150x150logo src="https://toybreaker.github.io/liquideye/mstile-150x150.png?v=3"/>
            <square310x310logo src="https://toybreaker.github.io/liquideye/mstile-310x310.png?v=3"/>
            <wide310x150logo src="https://toybreaker.github.io/liquideye/mstile-310x150.png?v=3"/>
            <TileColor>#33a0ff</TileColor>
        </tile>
    </msapplication>
</browserconfig>
